{"cameraMode":{"drawMode":0,"name":"Shaded","section":"Shading Mode"},"sceneLighting":false,"audioPlay":false,"sceneViewState":{"m_AlwaysRefresh":false,"showFog":true,"showSkybox":false,"showFlares":true,"showImageEffects":true,"showParticleSystems":true,"showVisualEffectGraphs":true,"m_FxEnabled":true},"in2DMode":false,"pivot":{"x":0.3775330185890198,"y":2.2398533821105959,"z":6.000693321228027},"rotation":{"x":0.10116949677467346,"y":-0.7121061682701111,"z":0.10487504303455353,"w":0.6868113279342651},"size":1.382983922958374,"orthographic":true}