{"cameraMode":{"drawMode":0,"name":"Shaded","section":"Shading Mode"},"sceneLighting":false,"audioPlay":false,"sceneViewState":{"m_AlwaysRefresh":false,"showFog":true,"showSkybox":false,"showFlares":true,"showImageEffects":true,"showParticleSystems":true,"showVisualEffectGraphs":true,"m_FxEnabled":true},"in2DMode":false,"pivot":{"x":7.736155986785889,"y":0.10000002384185791,"z":-2.3029122352600099},"rotation":{"x":-0.10737945884466171,"y":-0.46503400802612307,"z":0.05689264461398125,"w":-0.8770219087600708},"size":8.114397048950196,"orthographic":true}