{"cameraMode":{"drawMode":0,"name":"Shaded","section":"Shading Mode"},"sceneLighting":false,"audioPlay":false,"sceneViewState":{"m_AlwaysRefresh":false,"showFog":true,"showSkybox":false,"showFlares":true,"showImageEffects":true,"showParticleSystems":true,"showVisualEffectGraphs":true,"m_FxEnabled":true},"in2DMode":false,"pivot":{"x":-7.989999771118164,"y":1.0999999046325684,"z":2.380000114440918},"rotation":{"x":0.08927549421787262,"y":0.18375185132026673,"z":-0.016735101118683816,"w":0.9788249135017395},"size":2.5831425189971926,"orthographic":false}